{
  "accuracy": 0.99904,
  "f1_weighted": 0.99904,
  "report": {
    "Negligible": {
      "precision": 0.9998459167950693,
      "recall": 0.9989663514405103,
      "f1-score": 0.9994059405940594,
      "support": 90940.0
    },
    "Low": {
      "precision": 0.9943635509628934,
      "recall": 0.9998425692695214,
      "f1-score": 0.9970955334013659,
      "support": 6352.0
    },
    "Elevated": {
      "precision": 0.9599383667180277,
      "recall": 0.9842022116903634,
      "f1-score": 0.9719188767550702,
      "support": 633.0
    },
    "Critical": {
      "precision": 0.9978316577961759,
      "recall": 0.9997366688610928,
      "f1-score": 0.9987832549574139,
      "support": 15190.0
    },
    "accuracy": 0.9990363789064227,
    "macro avg": {
      "precision": 0.9879948730680416,
      "recall": 0.9956869503153719,
      "f1-score": 0.9918009014269773,
      "support": 113115.0
    },
    "weighted avg": {
      "precision": 0.9990442365479053,
      "recall": 0.9990363789064227,
      "f1-score": 0.9990387601783876,
      "support": 113115.0
    }
  },
  "confusion_matrix": [
    [
      90846,
      36,
      26,
      32
    ],
    [
      0,
      6351,
      0,
      1
    ],
    [
      10,
      0,
      623,
      0
    ],
    [
      4,
      0,
      0,
      15186
    ]
  ],
  "trained_at": "2026-03-05T12:57:28.491366",
  "n_train": 1455036,
  "n_test": 113115,
  "n_features": 84
}