{
  "accuracy": 0.99585,
  "f1_weighted": 0.99608,
  "report": {
    "Negligible": {
      "precision": 0.9999115914641559,
      "recall": 0.994952716076534,
      "f1-score": 0.9974259903323063,
      "support": 90940.0
    },
    "Low": {
      "precision": 0.9942069829340848,
      "recall": 0.9996851385390428,
      "f1-score": 0.9969385352068452,
      "support": 6352.0
    },
    "Elevated": {
      "precision": 0.6896929824561403,
      "recall": 0.9936808846761453,
      "f1-score": 0.8142394822006472,
      "support": 633.0
    },
    "Critical": {
      "precision": 0.9908005480524564,
      "recall": 0.9997366688610928,
      "f1-score": 0.995248549988531,
      "support": 15190.0
    },
    "accuracy": 0.99585377712947,
    "macro avg": {
      "precision": 0.9186530262267094,
      "recall": 0.9970138520382038,
      "f1-score": 0.9509631394320823,
      "support": 113115.0
    },
    "weighted avg": {
      "precision": 0.9966317364289369,
      "recall": 0.99585377712947,
      "f1-score": 0.9960810874155737,
      "support": 113115.0
    }
  },
  "confusion_matrix": [
    [
      90481,
      37,
      283,
      139
    ],
    [
      0,
      6350,
      0,
      2
    ],
    [
      4,
      0,
      629,
      0
    ],
    [
      4,
      0,
      0,
      15186
    ]
  ],
  "trained_at": "2026-04-14T15:27:29.018790",
  "n_train": 1455036,
  "n_test": 113115,
  "n_features": 84,
  "n_epochs_trained": 18,
  "best_val_loss": 0.01258,
  "total_parameters": 210052,
  "device": "cpu"
}