{
  "accuracy": 0.20057,
  "f1_weighted": 0.30022,
  "report": {
    "Negligible": {
      "precision": 0.9882742248759082,
      "recall": 0.15106663734330328,
      "f1-score": 0.26207304394273234,
      "support": 90940.0
    },
    "Low": {
      "precision": 0.0,
      "recall": 0.0,
      "f1-score": 0.0,
      "support": 6352.0
    },
    "Elevated": {
      "precision": 0.007078874089978864,
      "recall": 1.0,
      "f1-score": 0.014058231727630089,
      "support": 633.0
    },
    "Critical": {
      "precision": 0.8502198139249566,
      "recall": 0.5474654377880185,
      "f1-score": 0.6660526210404069,
      "support": 15190.0
    },
    "accuracy": 0.20056579587145826,
    "macro avg": {
      "precision": 0.4613932282227109,
      "recall": 0.42463301878283044,
      "f1-score": 0.23554597417769232,
      "support": 113115.0
    },
    "weighted avg": {
      "precision": 0.9087475393275352,
      "recall": 0.20056579587145826,
      "f1-score": 0.300218015209649,
      "support": 113115.0
    }
  },
  "confusion_matrix": [
    [
      13738,
      12,
      75726,
      1464
    ],
    [
      13,
      0,
      6338,
      1
    ],
    [
      0,
      0,
      633,
      0
    ],
    [
      150,
      0,
      6724,
      8316
    ]
  ],
  "trained_at": "2026-03-05T13:43:51.772357",
  "n_train": 1455036,
  "n_test": 113115,
  "n_features": 84,
  "n_epochs_trained": 11,
  "best_val_loss": 1.14704,
  "total_parameters": 64068,
  "device": "cpu"
}