{
  "train_loss": [
    0.027704446084207884,
    0.01226242485944062,
    0.010574250274471621,
    0.009691792463665463,
    0.009296098058648816,
    0.008915193825332074,
    0.00863622929599438,
    0.008664581682938419,
    0.00831320873386215,
    0.0084666523456187,
    0.008575248449459102,
    0.008440243921157201,
    0.008153258403009303,
    0.00810717967727891,
    0.007993278355970633,
    0.007929138683648054,
    0.008005440600965197,
    0.006807840059304808
  ],
  "val_loss": [
    0.027958646386661564,
    0.023082625322679184,
    0.01648930151422086,
    0.019759520095220293,
    0.01824680083548918,
    0.020039501487671953,
    0.01648314488344532,
    0.017880606160117166,
    0.014785060827918254,
    0.013995566047161274,
    0.0143721551589458,
    0.013102277627478506,
    0.012583909170715356,
    0.014006367993562016,
    0.015937998949482206,
    0.015549115318376348,
    0.020145038902480934,
    0.013134944537982291
  ],
  "train_acc": [
    0.9909555502406814,
    0.9964935575477171,
    0.9970433721227516,
    0.9973155303373937,
    0.9974096860833683,
    0.9975368307038451,
    0.9976000593799741,
    0.9976220519629755,
    0.997713458636075,
    0.9976749716158225,
    0.9976289246451634,
    0.9976543535692588,
    0.9977320148779824,
    0.9977608801431718,
    0.9977973053587678,
    0.9978612213031155,
    0.9978625958395531,
    0.9981814882930732
  ],
  "val_acc": [
    0.9913185695973125,
    0.9926092914290766,
    0.9948194315519604,
    0.993475666357247,
    0.9948547937939265,
    0.9932546523449587,
    0.9952879812580118,
    0.9938204482164169,
    0.9954824735888256,
    0.9952526190160457,
    0.9951730539716218,
    0.9964726163638775,
    0.9961985589886398,
    0.994828272112452,
    0.9955708791937409,
    0.9959156610529107,
    0.993077841135128,
    0.99585377712947
  ]
}