{
  "train_loss": [
    1.1501140965219874,
    1.137877764331958,
    1.135436682033503,
    1.1341791014245441,
    1.1332094398338102,
    1.133155697593312,
    1.1324975435192783,
    1.1316917171197327,
    1.1313354532016673,
    1.132188081056081,
    1.1292374723085596
  ],
  "val_loss": [
    1.1647136251748211,
    1.1568100187731365,
    1.1615090361367812,
    1.1785980061153063,
    1.1631640882141756,
    1.1470364181779242,
    1.1551689086824357,
    1.1631745195165373,
    1.1701847501655358,
    1.16328906376187,
    1.1590407390195696
  ],
  "train_acc": [
    0.41243721804821326,
    0.4181284861680398,
    0.4185978903614756,
    0.4191202142077584,
    0.41962123273925866,
    0.4198968272949948,
    0.4197909879893006,
    0.4201174403932274,
    0.42029819193476997,
    0.4199896085045318,
    0.42180124752927073
  ],
  "val_acc": [
    0.19166335145648233,
    0.19395305662378995,
    0.24256729876674182,
    0.2401007823896035,
    0.24247889316182647,
    0.196481456924369,
    0.1991955089952703,
    0.2480749679529682,
    0.2469875790125094,
    0.24944525482915617,
    0.20056579587145826
  ]
}